<?xml version="1.0" encoding="UTF-8"?>
<project-private xmlns="http://www.netbeans.org/ns/project-private/1">
    <editor-bookmarks xmlns="http://www.netbeans.org/ns/editor-bookmarks/2" lastBookmarkId="0"/>
    <open-files xmlns="http://www.netbeans.org/ns/projectui-open-files/2">
        <group>
            <file>file:/C:/Users/ADMIN/Desktop/Javacard/TheBOT/src/thebot/Xemttform.java</file>
            <file>file:/C:/Users/ADMIN/Desktop/Javacard/TheBOT/src/thebot/AdminSuaTT.java</file>
            <file>file:/C:/Users/ADMIN/Desktop/Javacard/TheBOT/src/thebot/DangNhap.java</file>
            <file>file:/C:/Users/ADMIN/Desktop/Javacard/TheBOT/src/thebot/Naptienform.java</file>
            <file>file:/C:/Users/ADMIN/Desktop/Javacard/TheBOT/src/thebot/ConnectJavaCard.java</file>
            <file>file:/C:/Users/ADMIN/Desktop/Javacard/TheBOT/src/thebot/MainBOT.java</file>
        </group>
    </open-files>
</project-private>
