<jumpRecord>
<prevNodes>
<jnode>
<fileName>D:\workspace\Luuthongtin\src\Luuthongtin\Luuthongtin.java</fileName>
<line>61</line>
</jnode>
<jnode>
<fileName>D:\workspace\Luuthongtin\src\Luuthongtin\Luuthongtin.java</fileName>
<line>24</line>
</jnode>
<jnode>
<fileName>D:\workspace\Luuthongtin\src\Luuthongtin\Luuthongtin.java</fileName>
<line>172</line>
</jnode>
<jnode>
<fileName>D:\workspace\Luuthongtin\src\Luuthongtin\Luuthongtin.java</fileName>
<line>155</line>
</jnode>
<jnode>
<fileName>D:\workspace\Luuthongtin\src\Luuthongtin\Luuthongtin.java</fileName>
<line>46</line>
</jnode>
<jnode>
<fileName>D:\workspace\Luuthongtin\src\Luuthongtin\Luuthongtin.java</fileName>
<line>158</line>
</jnode>
<jnode>
<fileName>D:\workspace\Luuthongtin\src\Luuthongtin\Luuthongtin.java</fileName>
<line>19</line>
</jnode>
<jnode>
<fileName>D:\workspace\Luuthongtin\src\Luuthongtin\Luuthongtin.java</fileName>
<line>76</line>
</jnode>
<jnode>
<fileName>D:\workspace\Luuthongtin\src\Luuthongtin\Luuthongtin.java</fileName>
<line>29</line>
</jnode>
<jnode>
<fileName>D:\workspace\Luuthongtin\src\Luuthongtin\Luuthongtin.java</fileName>
<line>18</line>
</jnode>
<jnode>
<fileName>D:\workspace\Luuthongtin\src\Luuthongtin\Luuthongtin.java</fileName>
<line>28</line>
</jnode>
<jnode>
<fileName>D:\JavaCardKit\SDK\Tools\JCIDE\apis\jc222\javacard\framework\Util.java</fileName>
<line>22</line>
</jnode>
<jnode>
<fileName>D:\workspace\Luuthongtin\src\Luuthongtin\Luuthongtin.java</fileName>
<line>97</line>
</jnode>
<jnode>
<fileName>D:\workspace\Luuthongtin\src\Luuthongtin\Luuthongtin.java</fileName>
<line>98</line>
</jnode>
<jnode>
<fileName>D:\workspace\Luuthongtin\src\Luuthongtin\Luuthongtin.java</fileName>
<line>102</line>
</jnode>
<jnode>
<fileName>D:\workspace\Luuthongtin\src\Luuthongtin\Luuthongtin.java</fileName>
<line>16</line>
</jnode>
<jnode>
<fileName>D:\workspace\Luuthongtin\src\Luuthongtin\Luuthongtin.java</fileName>
<line>95</line>
</jnode>
<jnode>
<fileName>D:\workspace\Luuthongtin\src\Luuthongtin\Luuthongtin.java</fileName>
<line>33</line>
</jnode>
<jnode>
<fileName>D:\workspace\Luuthongtin\src\Luuthongtin\Luuthongtin.java</fileName>
<line>35</line>
</jnode>
<jnode>
<fileName>D:\workspace\Luuthongtin\src\Luuthongtin\Luuthongtin.java</fileName>
<line>40</line>
</jnode>
<jnode>
<fileName>D:\workspace\Luuthongtin\src\Luuthongtin\Luuthongtin.java</fileName>
<line>64</line>
</jnode>
<jnode>
<fileName>D:\workspace\Luuthongtin\src\Luuthongtin\Luuthongtin.java</fileName>
<line>33</line>
</jnode>
<jnode>
<fileName>D:\workspace\Luuthongtin\src\Luuthongtin\Luuthongtin.java</fileName>
<line>62</line>
</jnode>
<jnode>
<fileName>D:\workspace\Luuthongtin\src\Luuthongtin\Luuthongtin.java</fileName>
<line>27</line>
</jnode>
<jnode>
<fileName>D:\workspace\Luuthongtin\src\Luuthongtin\Luuthongtin.java</fileName>
<line>18</line>
</jnode>
<jnode>
<fileName>D:\workspace\Luuthongtin\src\Luuthongtin\Luuthongtin.java</fileName>
<line>22</line>
</jnode>
<jnode>
<fileName>D:\workspace\Luuthongtin\src\Luuthongtin\Luuthongtin.java</fileName>
<line>38</line>
</jnode>
<jnode>
<fileName>D:\workspace\Luuthongtin\src\Luuthongtin\Luuthongtin.java</fileName>
<line>12</line>
</jnode>
<jnode>
<fileName>D:\workspace\Luuthongtin\src\Luuthongtin\Luuthongtin.java</fileName>
<line>39</line>
</jnode>
</prevNodes>
<nextRecord>
<jnode>
<fileName>D:\workspace\Luuthongtin\src\Luuthongtin\Luuthongtin.java</fileName>
<line>21</line>
</jnode>
<jnode>
<fileName>D:\workspace\Luuthongtin\src\Luuthongtin\Luuthongtin.java</fileName>
<line>20</line>
</jnode>
</nextRecord>
</jumpRecord>
